PIN,Address,Municipality,Postal Code,Registered Owner(s),Reg. Num.,Reg. Date,Instrument Type,Amount,Parties To,Remarks
26854-2679,"380 DUNDAS ST W, WHITBY",WHITBY,L1M 4E3,"OKAFOR, LISA",DR100605,2005/12/13,CHARGE,"$612,000",ROYAL BANK OF CANADA,
26854-2679,"380 DUNDAS ST W, WHITBY",WHITBY,L1M 4E3,"OKAFOR, LISA",DR100612,2011/05/27,DISCHARGE OF CHARGE,,,RE: DR100605
26559-5557,"288 HARWOOD AVE S, AJAX",AJAX,L1S 9J4,"SMITH, MICHAEL",DR100897,2011/08/19,CHARGE,"$339,000",BANK OF MONTREAL,
26718-5333,"48 ELLESMERE RD, SCARBOROUGH",TORONTO,M1W 2H6,"SMITH, LISA; SMITH, PRIYA",DR101285,2025/10/28,CHARGE,"$260,000",MERIDIAN CREDIT UNION LIMITED,
26718-5333,"48 ELLESMERE RD, SCARBOROUGH",TORONTO,M1W 2H6,"SMITH, LISA; SMITH, PRIYA",DR101290,2026/08/24,CHARGE,"$150,000",THE TORONTO-DOMINION BANK,HELOC
26975-4814,"24 HARWOOD AVE S, AJAX",AJAX,L1Z 4G2,"NGUYEN, DAVID; NGUYEN, ARJUN",DR101664,2022/09/16,CHARGE,"$346,000",MCAP FINANCIAL CORPORATION,
26573-7216,"312 ELLESMERE RD, SCARBOROUGH",TORONTO,M1E 9E3,"CHEN, ARJUN",DR102366,2008/12/04,CHARGE,"$512,000",ROYAL BANK OF CANADA,
26573-7216,"312 ELLESMERE RD, SCARBOROUGH",TORONTO,M1E 9E3,"CHEN, ARJUN",DR102371,2010/06/19,CHARGE,"$150,000",THE TORONTO-DOMINION BANK,HELOC
26771-9179,"138 MIDLAND AVE, SCARBOROUGH",TORONTO,M1B 4H4,"WILLIAMS, ARJUN; WILLIAMS, WEI",DR102624,2007/02/17,CHARGE,"$942,000",MERIDIAN CREDIT UNION LIMITED,
26873-1771,"186 KING ST E, OSHAWA",OSHAWA,L1G 3K2,"NGUYEN, MICHAEL",DR103321,2021/10/06,CHARGE,"$612,000",LAKESHORE CAPITAL INVESTMENTS INC,
26873-1771,"186 KING ST E, OSHAWA",OSHAWA,L1G 3K2,"NGUYEN, MICHAEL",DR103328,2024/06/13,DISCHARGE OF CHARGE,,,RE: DR103321
26214-5808,"284 KING ST E, OSHAWA",OSHAWA,L1G 2G6,"WILLIAMS, MICHAEL; WILLIAMS, LISA",DR104065,2023/08/23,CHARGE,"$449,000",MERIDIAN CREDIT UNION LIMITED,
26880-3646,"328 COCHRANE ST, WHITBY",WHITBY,L1R 4C6,"MARTIN, KEVIN",DR104397,2017/06/07,CHARGE,"$680,000",ROYAL BANK OF CANADA,
26880-3646,"328 COCHRANE ST, WHITBY",WHITBY,L1R 4C6,"MARTIN, KEVIN",DR104404,2022/01/18,DISCHARGE OF CHARGE,,,RE: DR104397
26935-2133,"30 LAWRENCE AVE E, SCARBOROUGH",TORONTO,M1E 2B8,"MARTIN, MICHAEL; MARTIN, FATIMA",DR104967,2025/03/27,CHARGE,"$349,000",CANADIAN IMPERIAL BANK OF COMMERCE,
26548-9479,"277 SIMCOE ST N, OSHAWA",OSHAWA,L1G 5J6,"KHAN, PRIYA; KHAN, PRIYA",DR104989,2011/08/01,CHARGE,"$782,000",MERIDIAN CREDIT UNION LIMITED,
26548-9479,"277 SIMCOE ST N, OSHAWA",OSHAWA,L1G 5J6,"KHAN, PRIYA; KHAN, PRIYA",DR104994,2017/05/05,CHARGE,"$150,000",THE TORONTO-DOMINION BANK,HELOC
26132-6413,"363 DUNDAS ST W, WHITBY",WHITBY,L1R 1E2,"NGUYEN, KEVIN; NGUYEN, ARJUN",DR105214,2014/11/20,CHARGE,"$732,000",THE BANK OF NOVA SCOTIA,
26774-8062,"243 SIMCOE ST N, OSHAWA",OSHAWA,L1H 4B2,"BROWN, DAVID; BROWN, LISA",DR105904,2005/03/19,CHARGE,"$849,000","PATEL, RAJESH",
26774-8062,"243 SIMCOE ST N, OSHAWA",OSHAWA,L1H 4B2,"BROWN, DAVID; BROWN, LISA",DR105911,2014/10/16,DISCHARGE OF CHARGE,,,RE: DR105904
26532-4006,"128 ELLESMERE RD, SCARBOROUGH",TORONTO,M1E 4K3,"CHEN, FATIMA; CHEN, PRIYA",DR106739,2013/12/09,CHARGE,"$1,062,000",MERIDIAN CREDIT UNION LIMITED,
26532-4006,"128 ELLESMERE RD, SCARBOROUGH",TORONTO,M1E 4K3,"CHEN, FATIMA; CHEN, PRIYA",DR106746,2014/10/25,DISCHARGE OF CHARGE,,,RE: DR106739
26985-7570,"86 ROSSLAND RD E, WHITBY",WHITBY,L1M 8K4,"SMITH, MICHAEL; SMITH, DAVID",DR107549,2009/12/12,CHARGE,"$983,000",HOME TRUST COMPANY,
26985-7570,"86 ROSSLAND RD E, WHITBY",WHITBY,L1M 8K4,"SMITH, MICHAEL; SMITH, DAVID",DR107554,2023/03/26,CHARGE,"$150,000",THE TORONTO-DOMINION BANK,HELOC
26162-6138,"98 SIMCOE ST N, OSHAWA",OSHAWA,L1H 4A9,"SMITH, JOHN; SMITH, KEVIN",DR108428,2024/08/14,CHARGE,"$723,000",THE BANK OF NOVA SCOTIA,
26162-6138,"98 SIMCOE ST N, OSHAWA",OSHAWA,L1H 4A9,"SMITH, JOHN; SMITH, KEVIN",DR108435,2025/11/17,DISCHARGE OF CHARGE,,,RE: DR108428
26222-5033,"36 ROSSLAND RD E, WHITBY",WHITBY,L1R 2E7,"SILVA, MARIA; SILVA, PRIYA",DR109109,2013/05/27,CHARGE,"$777,000",LAKESHORE CAPITAL INVESTMENTS INC,
26234-5915,"343 LAWRENCE AVE E, SCARBOROUGH",TORONTO,M1P 4G7,"KHAN, SARAH",DR109184,2024/12/26,CHARGE,"$189,000",HOME TRUST COMPANY,
26457-2127,"276 DUNDAS ST W, WHITBY",WHITBY,L1N 9G3,"SINGH, SARAH; SINGH, FATIMA",DR109741,2022/09/13,CHARGE,"$900,000",CANADIAN IMPERIAL BANK OF COMMERCE,
26218-2753,"154 TAUNTON RD W, WHITBY",WHITBY,L1R 2C5,"TREMBLAY, KEVIN; TREMBLAY, WEI",DR109957,2017/07/25,CHARGE,"$914,000",MCAP FINANCIAL CORPORATION,
26218-2753,"154 TAUNTON RD W, WHITBY",WHITBY,L1R 2C5,"TREMBLAY, KEVIN; TREMBLAY, WEI",DR109962,2025/06/30,CHARGE,"$150,000",THE TORONTO-DOMINION BANK,HELOC
26145-1058,"129 MIDLAND AVE, SCARBOROUGH",TORONTO,M1B 2J5,"BROWN, MICHAEL",DR110128,2009/11/15,CHARGE,"$939,000",HOME TRUST COMPANY,
26696-3426,"58 SIMCOE ST N, OSHAWA",OSHAWA,L1G 3A6,"WILLIAMS, MICHAEL; WILLIAMS, SARAH",DR110944,2024/02/29,CHARGE,"$1,061,000",ROYAL BANK OF CANADA,
26342-3662,"342 WESTNEY RD N, AJAX",AJAX,L1S 6J3,"PATEL, DAVID; PATEL, LISA",DR111285,2024/09/25,CHARGE,"$981,000",FIRST NATIONAL FINANCIAL GP CORPORATION,
26979-8711,"82 SALEM RD S, AJAX",AJAX,L1Z 2J1,"SINGH, AISHA",DR111644,2014/04/28,CHARGE,"$492,000",BANK OF MONTREAL,
26979-8711,"82 SALEM RD S, AJAX",AJAX,L1Z 2J1,"SINGH, AISHA",DR111649,2022/07/18,CHARGE,"$150,000",THE TORONTO-DOMINION BANK,HELOC
26756-9346,"169 KINGSTON RD E, AJAX",AJAX,L1T 2G6,"WILLIAMS, ARJUN",DR111989,2016/01/10,CHARGE,"$208,000",THE TORONTO-DOMINION BANK,
26453-6139,"298 LAWRENCE AVE E, SCARBOROUGH",TORONTO,M1P 1B7,"WILLIAMS, MARIA",DR112384,2006/08/05,CHARGE,"$770,000",BANK OF MONTREAL,
26453-6139,"298 LAWRENCE AVE E, SCARBOROUGH",TORONTO,M1P 1B7,"WILLIAMS, MARIA",DR112389,2023/04/24,CHARGE,"$150,000",THE TORONTO-DOMINION BANK,HELOC
26780-6409,"267 SIMCOE ST N, OSHAWA",OSHAWA,L1G 6J2,"SILVA, SARAH",DR113127,2006/10/17,CHARGE,"$487,000",MERIDIAN CREDIT UNION LIMITED,
26530-7211,"207 KING ST E, OSHAWA",OSHAWA,L1H 9C4,"OKAFOR, LISA",DR113710,2017/10/21,CHARGE,"$488,000",FIRST NATIONAL FINANCIAL GP CORPORATION,
26552-8244,"147 COCHRANE ST, WHITBY",WHITBY,L1N 7H8,"OKAFOR, AISHA; OKAFOR, LISA",DR114385,2007/10/22,CHARGE,"$266,000",CANADIAN IMPERIAL BANK OF COMMERCE,
26250-1400,"385 ELLESMERE RD, SCARBOROUGH",TORONTO,M1E 5E4,"SMITH, AISHA",DR115256,2017/09/16,CHARGE,"$966,000",THE TORONTO-DOMINION BANK,
26868-2746,"254 KINGSTON RD E, AJAX",AJAX,L1T 4C1,"WILLIAMS, AISHA; WILLIAMS, LISA",DR115732,2015/08/14,CHARGE,"$231,000",MERIDIAN CREDIT UNION LIMITED,
26868-2746,"254 KINGSTON RD E, AJAX",AJAX,L1T 4C1,"WILLIAMS, AISHA; WILLIAMS, LISA",DR115737,2025/12/13,CHARGE,"$150,000",THE TORONTO-DOMINION BANK,HELOC
26727-9270,"69 ANDERSON ST, WHITBY",WHITBY,L1M 9H8,"WILLIAMS, KEVIN; WILLIAMS, MICHAEL",DR116620,2020/09/05,CHARGE,"$666,000",HOME TRUST COMPANY,
26727-9270,"69 ANDERSON ST, WHITBY",WHITBY,L1M 9H8,"WILLIAMS, KEVIN; WILLIAMS, MICHAEL",DR116625,2022/11/20,CHARGE,"$150,000",THE TORONTO-DOMINION BANK,HELOC
26830-5681,"321 MIDLAND AVE, SCARBOROUGH",TORONTO,M1E 5K2,"SINGH, WEI; SINGH, KEVIN",DR116767,2005/10/22,CHARGE,"$334,000",BANK OF MONTREAL,
26577-7812,"33 WESTNEY RD N, AJAX",AJAX,L1T 7H9,"SMITH, AISHA",DR117556,2012/09/25,CHARGE,"$778,000",ROYAL BANK OF CANADA,
26651-9947,"4 KING ST E, OSHAWA",OSHAWA,L1H 5J7,"SILVA, AISHA; SILVA, WEI",DR118054,2013/10/10,CHARGE,"$209,000",FIRST NATIONAL FINANCIAL GP CORPORATION,
26706-1444,"240 SIMCOE ST N, OSHAWA",OSHAWA,L1G 9A7,"NGUYEN, ARJUN; NGUYEN, FATIMA",DR118106,2008/01/28,CHARGE,"$446,000",FIRST NATIONAL FINANCIAL GP CORPORATION,
26954-2341,"173 KING ST E, OSHAWA",OSHAWA,L1H 5J5,"KHAN, JOHN",DR118465,2005/03/02,CHARGE,"$409,000","PATEL, RAJESH",
26954-2341,"173 KING ST E, OSHAWA",OSHAWA,L1H 5J5,"KHAN, JOHN",DR118472,2020/05/01,DISCHARGE OF CHARGE,,,RE: DR118465
26229-8758,"127 DUNDAS ST W, WHITBY",WHITBY,L1N 1C4,"OKAFOR, PRIYA; OKAFOR, AISHA",DR119189,2014/06/06,CHARGE,"$442,000",MCAP FINANCIAL CORPORATION,
26229-8758,"127 DUNDAS ST W, WHITBY",WHITBY,L1N 1C4,"OKAFOR, PRIYA; OKAFOR, AISHA",DR119192,2022/05/02,TRANSFER,"$850,000",,
26506-4249,"160 ROSSLAND RD E, WHITBY",WHITBY,L1N 1G7,"NGUYEN, MARIA",DR119441,2018/01/25,CHARGE,"$284,000",CANADIAN IMPERIAL BANK OF COMMERCE,
26170-9289,"22 TAUNTON RD W, WHITBY",WHITBY,L1M 9J6,"OKAFOR, SARAH; OKAFOR, DAVID",DR119943,2022/06/11,CHARGE,"$288,000",FIRST NATIONAL FINANCIAL GP CORPORATION,
26893-8921,"223 SIMCOE ST N, OSHAWA",OSHAWA,L1G 9G9,"KHAN, DAVID",DR120218,2017/04/15,CHARGE,"$510,000",BANK OF MONTREAL,
26129-9098,"231 COCHRANE ST, WHITBY",WHITBY,L1N 8J6,"BROWN, MICHAEL; BROWN, SARAH",DR120483,2021/11/22,CHARGE,"$528,000",CANADIAN IMPERIAL BANK OF COMMERCE,
26600-4937,"265 ELLESMERE RD, SCARBOROUGH",TORONTO,M1E 2E7,"TREMBLAY, FATIMA",DR120942,2015/01/03,CHARGE,"$991,000",ROYAL BANK OF CANADA,
26600-4937,"265 ELLESMERE RD, SCARBOROUGH",TORONTO,M1E 2E7,"TREMBLAY, FATIMA",DR120949,2018/01/14,DISCHARGE OF CHARGE,,,RE: DR120942
26863-6419,"157 SIMCOE ST N, OSHAWA",OSHAWA,L1H 8H7,"BROWN, LISA; BROWN, WEI",DR121186,2009/08/21,CHARGE,"$303,000",BANK OF MONTREAL,
26711-5636,"111 WESTNEY RD N, AJAX",AJAX,L1Z 8G9,"NGUYEN, AISHA; NGUYEN, SARAH",DR121496,2008/01/09,CHARGE,"$194,000",MERIDIAN CREDIT UNION LIMITED,
26711-5636,"111 WESTNEY RD N, AJAX",AJAX,L1Z 8G9,"NGUYEN, AISHA; NGUYEN, SARAH",DR121499,2010/02/19,TRANSFER,"$850,000",,
26993-1200,"150 TAUNTON RD W, WHITBY",WHITBY,L1R 3K2,"SILVA, WEI; SILVA, FATIMA",DR121688,2011/08/23,CHARGE,"$232,000",CANADIAN IMPERIAL BANK OF COMMERCE,
26255-3444,"34 SIMCOE ST N, OSHAWA",OSHAWA,L1H 8B1,"SILVA, WEI; SILVA, AISHA",DR122260,2006/08/28,CHARGE,"$962,000",FIRST NATIONAL FINANCIAL GP CORPORATION,
26682-1986,"231 KINGSTON RD E, AJAX",AJAX,L1T 5J5,"SILVA, LISA; SILVA, AISHA",DR122477,2018/01/11,CHARGE,"$450,000","PATEL, RAJESH",
26682-1986,"231 KINGSTON RD E, AJAX",AJAX,L1T 5J5,"SILVA, LISA; SILVA, AISHA",DR122484,2021/04/07,DISCHARGE OF CHARGE,,,RE: DR122477
26398-1534,"81 HARWOOD AVE S, AJAX",AJAX,L1S 7K8,"SINGH, WEI",DR123365,2019/10/07,CHARGE,"$644,000",THE TORONTO-DOMINION BANK,
26372-3330,"218 LAWRENCE AVE E, SCARBOROUGH",TORONTO,M1B 9E3,"NGUYEN, JOHN; NGUYEN, WEI",DR124132,2017/05/06,CHARGE,"$1,024,000",LAKESHORE CAPITAL INVESTMENTS INC,
26652-9090,"240 SIMCOE ST N, OSHAWA",OSHAWA,L1H 7G9,"KHAN, PRIYA; KHAN, DAVID",DR124463,2020/06/22,CHARGE,"$798,000",CANADIAN IMPERIAL BANK OF COMMERCE,
26652-9090,"240 SIMCOE ST N, OSHAWA",OSHAWA,L1H 7G9,"KHAN, PRIYA; KHAN, DAVID",DR124470,2022/04/21,DISCHARGE OF CHARGE,,,RE: DR124463
26767-8245,"296 COCHRANE ST, WHITBY",WHITBY,L1N 3K9,"CHEN, MICHAEL",DR125121,2013/10/10,CHARGE,"$1,013,000",HOME TRUST COMPANY,
26437-7744,"210 KING ST E, OSHAWA",OSHAWA,L1H 6B3,"TREMBLAY, FATIMA; TREMBLAY, DAVID",DR125900,2022/03/31,CHARGE,"$743,000",ROYAL BANK OF CANADA,
26573-7770,"166 BIRCHMOUNT RD, SCARBOROUGH",TORONTO,M1B 7A9,"SMITH, AISHA; SMITH, MARIA",DR126411,2020/12/18,CHARGE,"$820,000",HOME TRUST COMPANY,
26224-1472,"282 SALEM RD S, AJAX",AJAX,L1S 5K8,"OKAFOR, MARIA",DR126574,2019/12/02,CHARGE,"$498,000",MERIDIAN CREDIT UNION LIMITED,
26224-1472,"282 SALEM RD S, AJAX",AJAX,L1S 5K8,"OKAFOR, MARIA",DR126581,2025/01/15,DISCHARGE OF CHARGE,,,RE: DR126574
26833-5781,"59 ROSSLAND RD E, WHITBY",WHITBY,L1M 2C8,"MARTIN, LISA; MARTIN, FATIMA",DR127065,2025/12/26,CHARGE,"$429,000",HOME TRUST COMPANY,
26448-9318,"307 SIMCOE ST N, OSHAWA",OSHAWA,L1G 2G7,"CHEN, JOHN; CHEN, WEI",DR127667,2022/10/13,CHARGE,"$773,000","PATEL, RAJESH",
26881-9903,"276 KINGSTON RD E, AJAX",AJAX,L1T 6H9,"WILLIAMS, FATIMA",DR127861,2023/07/03,CHARGE,"$894,000",BANK OF MONTREAL,
26779-3492,"23 KINGSTON RD E, AJAX",AJAX,L1T 8J7,"KHAN, JOHN; KHAN, MARIA",DR128752,2011/06/12,CHARGE,"$282,000",HOME TRUST COMPANY,
26779-3492,"23 KINGSTON RD E, AJAX",AJAX,L1T 8J7,"KHAN, JOHN; KHAN, MARIA",DR128759,2022/03/29,DISCHARGE OF CHARGE,,,RE: DR128752
26900-5342,"210 ROSSLAND RD E, WHITBY",WHITBY,L1R 3B8,"BROWN, MARIA",DR128842,2018/07/29,CHARGE,"$1,052,000",MCAP FINANCIAL CORPORATION,
26340-5708,"321 KING ST E, OSHAWA",OSHAWA,L1H 9A2,"SINGH, LISA; SINGH, PRIYA",DR129491,2021/01/19,CHARGE,"$900,000",THE TORONTO-DOMINION BANK,
26483-8056,"24 ELLESMERE RD, SCARBOROUGH",TORONTO,M1P 1G6,"PATEL, AISHA; PATEL, MARIA",DR130303,2019/04/17,CHARGE,"$364,000",THE BANK OF NOVA SCOTIA,
26483-8056,"24 ELLESMERE RD, SCARBOROUGH",TORONTO,M1P 1G6,"PATEL, AISHA; PATEL, MARIA",DR130306,2024/09/03,TRANSFER,"$850,000",,
26570-5183,"299 KINGSTON RD E, AJAX",AJAX,L1S 4K5,"OKAFOR, JOHN",DR130601,2014/06/08,CHARGE,"$873,000",MERIDIAN CREDIT UNION LIMITED,
26570-5183,"299 KINGSTON RD E, AJAX",AJAX,L1S 4K5,"OKAFOR, JOHN",DR130604,2020/06/25,TRANSFER,"$850,000",,
26303-7302,"328 BIRCHMOUNT RD, SCARBOROUGH",TORONTO,M1W 5K5,"KHAN, PRIYA; KHAN, MARIA",DR131193,2012/01/19,CHARGE,"$482,000",CANADIAN IMPERIAL BANK OF COMMERCE,
26303-7302,"328 BIRCHMOUNT RD, SCARBOROUGH",TORONTO,M1W 5K5,"KHAN, PRIYA; KHAN, MARIA",DR131200,2021/06/22,DISCHARGE OF CHARGE,,,RE: DR131193
26721-6772,"290 ELLESMERE RD, SCARBOROUGH",TORONTO,M1B 8G4,"SINGH, ARJUN; SINGH, WEI",DR131974,2019/03/15,CHARGE,"$918,000","PATEL, RAJESH",
26134-6977,"322 HARWOOD AVE S, AJAX",AJAX,L1Z 1G8,"TREMBLAY, MICHAEL; TREMBLAY, WEI",DR132740,2011/04/30,CHARGE,"$605,000",THE BANK OF NOVA SCOTIA,
26134-6977,"322 HARWOOD AVE S, AJAX",AJAX,L1Z 1G8,"TREMBLAY, MICHAEL; TREMBLAY, WEI",DR132745,2024/03/30,CHARGE,"$150,000",THE TORONTO-DOMINION BANK,HELOC
26923-2886,"85 BIRCHMOUNT RD, SCARBOROUGH",TORONTO,M1P 8G6,"KHAN, PRIYA; KHAN, AISHA",DR133438,2023/04/17,CHARGE,"$921,000","PATEL, RAJESH",
26477-5295,"203 ELLESMERE RD, SCARBOROUGH",TORONTO,M1B 5B8,"SILVA, DAVID",DR133819,2025/02/01,CHARGE,"$290,000","PATEL, RAJESH",
26477-5295,"203 ELLESMERE RD, SCARBOROUGH",TORONTO,M1B 5B8,"SILVA, DAVID",DR133824,2025/12/01,CHARGE,"$150,000",THE TORONTO-DOMINION BANK,HELOC
26219-3290,"332 LAWRENCE AVE E, SCARBOROUGH",TORONTO,M1B 8G7,"SMITH, JOHN; SMITH, FATIMA",DR133924,2006/08/09,CHARGE,"$420,000",MERIDIAN CREDIT UNION LIMITED,
26219-3290,"332 LAWRENCE AVE E, SCARBOROUGH",TORONTO,M1B 8G7,"SMITH, JOHN; SMITH, FATIMA",DR133927,2017/11/15,TRANSFER,"$850,000",,
26730-7686,"301 MIDLAND AVE, SCARBOROUGH",TORONTO,M1E 7B8,"CHEN, JOHN",DR134382,2008/11/14,CHARGE,"$635,000",BANK OF MONTREAL,
26382-4109,"279 COCHRANE ST, WHITBY",WHITBY,L1R 6A7,"NGUYEN, FATIMA; NGUYEN, AISHA",DR135037,2018/05/23,CHARGE,"$791,000",ROYAL BANK OF CANADA,
26382-4109,"279 COCHRANE ST, WHITBY",WHITBY,L1R 6A7,"NGUYEN, FATIMA; NGUYEN, AISHA",DR135044,2022/09/05,DISCHARGE OF CHARGE,,,RE: DR135037
26932-4817,"290 WESTNEY RD N, AJAX",AJAX,L1S 2E4,"BROWN, MICHAEL",DR135047,2017/05/14,CHARGE,"$463,000",THE BANK OF NOVA SCOTIA,
26908-4898,"57 LAWRENCE AVE E, SCARBOROUGH",TORONTO,M1B 3A6,"SILVA, SARAH; SILVA, WEI",DR135177,2005/03/05,CHARGE,"$939,000",FIRST NATIONAL FINANCIAL GP CORPORATION,
26615-4629,"230 ANDERSON ST, WHITBY",WHITBY,L1M 9B8,"SILVA, JOHN",DR136065,2024/05/19,CHARGE,"$854,000",MERIDIAN CREDIT UNION LIMITED,
26829-8267,"246 DUNDAS ST W, WHITBY",WHITBY,L1M 7B8,"NGUYEN, PRIYA; NGUYEN, MICHAEL",DR136195,2005/06/22,CHARGE,"$461,000",LAKESHORE CAPITAL INVESTMENTS INC,
26912-2874,"306 MIDLAND AVE, SCARBOROUGH",TORONTO,M1P 8J2,"OKAFOR, ARJUN",DR136934,2016/05/13,CHARGE,"$1,066,000",BANK OF MONTREAL,
26420-7992,"174 KINGSTON RD E, AJAX",AJAX,L1T 7J2,"BROWN, ARJUN; BROWN, MICHAEL",DR137420,2019/05/28,CHARGE,"$248,000",THE TORONTO-DOMINION BANK,
26161-6400,"50 ANDERSON ST, WHITBY",WHITBY,L1R 6C9,"OKAFOR, PRIYA; OKAFOR, ARJUN",DR138189,2025/02/08,CHARGE,"$613,000",ROYAL BANK OF CANADA,
26967-2773,"54 BIRCHMOUNT RD, SCARBOROUGH",TORONTO,M1E 3K4,"BROWN, KEVIN; BROWN, WEI",DR138421,2016/11/16,CHARGE,"$1,006,000",FIRST NATIONAL FINANCIAL GP CORPORATION,
26379-6062,"337 TAUNTON RD W, WHITBY",WHITBY,L1R 5A3,"BROWN, SARAH; BROWN, MICHAEL",DR139095,2016/09/13,CHARGE,"$590,000",THE TORONTO-DOMINION BANK,
26379-6062,"337 TAUNTON RD W, WHITBY",WHITBY,L1R 5A3,"BROWN, SARAH; BROWN, MICHAEL",DR139098,2024/11/23,TRANSFER,"$850,000",,
